<RobotSystems>

  <RobotCell name="xlab-UR10" manufacturer="UR">
    <Mechanisms>
      <RobotArm model="UR10" manufacturer="UR" payload="10">
        <Base x="0.000" y="0.000" z="0.000" q1="1.000" q2="0.000" q3="0.000" q4="0.000"/>
        <Joints>
          <Revolute number="1" a ="0" d ="127.3" minrange = "-360" maxrange ="360" maxspeed ="120"/>
          <Revolute number="2" a ="-612" d ="0" minrange = "-360" maxrange ="360" maxspeed ="120"/>
          <Revolute number="3" a ="-572.3" d ="0" minrange = "-360" maxrange ="360" maxspeed ="180"/>
          <Revolute number="4" a ="0" d ="163.941" minrange = "-360" maxrange ="360" maxspeed ="180"/>
          <Revolute number="5" a ="0" d ="115.7" minrange = "-360" maxrange ="360" maxspeed ="180"/>
          <Revolute number="6" a ="0" d ="92.2" minrange = "-360" maxrange ="360" maxspeed ="180"/>
        </Joints>
      </RobotArm>
    </Mechanisms>
    <IO>
      <DO names="0,1,2,3,4,5,6,7,8,9,10,11,12,13,14,15,16"/>
      <DI names="0,1,2,3,4,5,6,7,8,9,10,11,12,13,14,15,16"/>
      <AO names="0,1"/>
      <AI names="0,1"/>
    </IO>
  </RobotCell>

  <RobotCell name="xlab-UR5" manufacturer="UR">
    <Mechanisms>
      <RobotArm model="UR5" manufacturer="UR" payload="5">
        <Base x="0.000" y="0.000" z="0.000" q1="1.000" q2="0.000" q3="0.000" q4="0.000"/>
        <Joints>
          <Revolute number="1" a ="0" d ="89.459" minrange = "-360" maxrange ="360" maxspeed ="180"/>
          <Revolute number="2" a ="-425" d ="0" minrange = "-360" maxrange ="360" maxspeed ="180"/>
          <Revolute number="3" a ="-392.25" d ="0" minrange = "-360" maxrange ="360" maxspeed ="180"/>
          <Revolute number="4" a ="0" d ="109.15" minrange = "-360" maxrange ="360" maxspeed ="180"/>
          <Revolute number="5" a ="0" d ="94.65" minrange = "-360" maxrange ="360" maxspeed ="180"/>
          <Revolute number="6" a ="0" d ="82.3" minrange = "-360" maxrange ="360" maxspeed ="180"/>
        </Joints>
      </RobotArm>
    </Mechanisms>
    <IO>
      <DO names="0,1,2,3,4,5,6,7,8,9,10,11,12,13,14,15,16"/>
      <DI names="0,1,2,3,4,5,6,7,8,9,10,11,12,13,14,15,16"/>
      <AO names="0,1"/>
      <AI names="0,1"/>
    </IO>
  </RobotCell>

</RobotSystems>
